"idx","file","title","caption","date","ts"
"1","ig-001.jpg","CUHK ISA Wrapped: 2025 Edition!","CUHK ISA Wrapped: 2025 Edition! As we approach the end of the year, let's take a moment to reflect on an unforgettable journey together!  From surviving group projects to conquering exams, we did it all-together!  Cheers to making mind-blowing memories and mastering the art of procrastination. Wi...","Dec 2025","1765459523"
"2","ig-002.jpg","ISA CUHK","ISA CUHK","Jun 2026","1782325084"
"3","ig-003.jpg","It was such a wonderful time having you guys on boat! See you next...","It was such a wonderful time having you guys on boat! See you next summer‍  #thechineseuniversityofhongkong #boatparty #isacuhk #中大 #internationalstudent #summer","Oct 2025","1761397384"
"4","ig-004.jpg","Please Welcome ISA's 17th Cabinet!","Please Welcome ISA's 17th Cabinet!  With new crew, new vibes, same unstoppable ISA spirit, we are ready to make waves  Buckle up, because this ride is just getting started!","Apr 2026","1776343760"
"5","ig-005.jpg","The moment you've been waiting for!","The moment you've been waiting for!  The results of #LOCKINorLOGIN are now LIVE. Who rose to the top?Slide to see the full breakdown!  #esport #cuhkisa #chineseuniversityofhongkong #clashroyale","Jan 2026","1768818671"
"6","ig-006.jpg","Remember those first-year nerves?","Remember those first-year nerves?  Now's your chance to give back! Become an iBuddy mentor at CUHK!  We're looking for senior students (Year 2 and above) to help incoming freshmen feel at home on campus.   As a mentor, you'll connect with 1-2 mentees through group chats or fun meet-ups. Share you...","Jul 2025","1752149162"
"7","ig-007.jpg","Get ready to show off your skills with your best duo with the CLASH...","Get ready to show off your skills with your best duo with the CLASH 2V2 Tournament!! Rules: - ‍‍ Pick your own teammates - Maximum of 1 evolution per deck allowed - Maximum of 1 Champions will be allowed per deck - ‍ Heros are NOT allowed - All games will be recorded - Onsite finale (Top 4) will...","Dec 2025","1765804197"
"8","ig-008.jpg","SPEED is the name of the game!","SPEED is the name of the game! The friendship version of 'fast food'-quick, fun, and surprisingly filling let's speedrun this friendship thing with 3 rounds. 20 minutes. Infinite chaos! Sign up now! : https://forms.gle/tMNBMoCR6ZxNw83KA Meet Seniors from @shhoisa @ccia.cuhk @mcsu2526  #cuhk #isa...","Aug 2025","1754994488"
"9","ig-009.jpg","officially beginning this new 17th chapter together","officially beginning this new 17th chapter together  thank you to everyone who attended and celebrated with us, as well as to all the student societies and friends who sent their support and warm wishes despite not being able to join us in person. we truly appreciate all the encouragement and loo...","May 2026","1778648707"
"10","ig-010.jpg","So, you've seen the schedule... but what is the Meet & Greet really...","So, you've seen the schedule... but what is the Meet & Greet really about?  Let us break it down for you! Think of it as your friendly, fun-filled launchpad into university life!  It's NOT just another orientation. It's where:  You walk in knowing no one and walk out with a brand-new family.   Yo...","Aug 2025","1756391412"
"11","ig-011.jpg","Get Ready, Get Set, MEET & GREET!","Get Ready, Get Set, MEET & GREET!  The moment you've been waiting for is FINALLY here! Mark your calendars, set your alarms, and get ready for the most exciting start to your CUHK journey with the ISA! We've planned an amazing few days just for YOU.  30-31 August 2025  Pomeranke Student Centre, C...","Aug 2025","1756391220"
"12","ig-012.jpg","""Got a hennesy in my hand one more time 'fore I go.""","""Got a hennesy in my hand one more time 'fore I go."" A 2016 throwback night full of iconic 2010s hits, neon colors, and dancefloor memories you forgot you had  Come dressed white to sweat, paint, scream lyrics, and relive your lush life. Time's running closer. Get in before it's too late Time: Ja...","Jan 2026","1769289747"
"13","ig-013.jpg","Ctrl + alt + success! Our IT managers are ready to ensure everythin...","Ctrl + alt + success! Our IT managers are ready to ensure everything runs smooth - no lags allowed Wee : Hello everyone! I'm Wee and I'm the IT manager in ISA. I'm from thailand and I'm half chinese. 你好. I'm in mechanical and automation engineering. Please Feel free to approach me :) Hieu : Yo gu...","May 2026","1778909400"
"14","ig-014.jpg","CUHK College info # 2 : Small Colleges","CUHK College info # 2 : Small Colleges  One thing these colleges have in common? Dinner is a social event. Meet the three residential colleges of CUHK:  Morningside - The Oxbridge Experience  S.H. Ho - The Residential Family  C.W. Chu - The Changemakers Swipe to see which community feels most lik...","Jun 2026","1781769651"
"15","ig-015.jpg","ISA CUHK","ISA CUHK","Jun 2026","1782325084"
"16","ig-016.jpg","officially beginning this new 17th chapter together","officially beginning this new 17th chapter together  thank you to everyone who attended and celebrated with us, as well as to all the student societies and friends who sent their support and warm wishes despite not being able to join us in person. we truly appreciate all the encouragement and loo...","May 2026","1778648707"
"17","ig-017.jpg","Our money guardians Treasurers keep all our funds safe and ready to...","Our money guardians Treasurers keep all our funds safe and ready to turn every cents into profit  Jessica : Hi everyone I'm Jessica, one of the treasurers for this year's cabinet! I'm a second-year Indonesian student majoring in Professional Accountancy (ironically, I'm not a fan of math at all )...","May 2026","1778914800"
"18","ig-018.jpg","ISA CUHK","ISA CUHK","Jun 2026","1782325084"
"19","ig-019.jpg","ISA CUHK","ISA CUHK","Jun 2026","1782325084"
"20","ig-020.jpg","ISA CUHK","ISA CUHK","Jun 2026","1782325084"
"21","ig-021.jpg","CUHK College Info # 1 Original Colleges","CUHK College Info # 1 Original Colleges  Traditions  Sunsets  Activities Three colleges, three different experiences. Which one sounds most like you?  Swipe to discover Chung Chi, New Asia, and United College at CUHK!  We have tagged their official Instagram and their international student commun...","Jun 2026","1781502870"
"22","ig-022.jpg","Meet our brilliant Design Team!","Meet our brilliant Design Team! The creative minds behind every pixel, layout, and concept that brings our vision to life. Their passion and eye for detail make every feeds look extraordinary.  Austin : Hi everyone, I'm Austin, one of the designers for this year's cabinet . I'm a Thai sophomore s...","May 2026","1778912006"
"23","ig-023.jpg","Biggest thank you to Mr. Erwin Chan, our Guest speaker in our colla...","Biggest thank you to Mr. Erwin Chan, our Guest speaker in our collaboration event with Jockey club shining together with cross-cultural youth project (@jcst.hkust) Division of public policy, HKUST. Hope his sharing can gave many insights for your job search and interview‍  Good luck! Add oil! #ch...","Dec 2025","1764767065"
"24","ig-024.jpg","Cheers to our PR Manager! If ISA's contents are trending, you know...","Cheers to our PR Manager! If ISA's contents are trending, you know who's behind it  Kimberly : Hi everyone! I'm Kimberly, one of your PR Managers. I'm from Indonesia and currently a first year IBBA student. I absolutely love watching movies, but with sweet popcorn only! Since I spend A LOT of tim...","May 2026","1778913000"
"25","ig-025.jpg","Thank you everyone who came to the 2026 PrepAsia × ISA Bootcamp! We...","Thank you everyone who came to the 2026 PrepAsia × ISA Bootcamp! We hope you learned something valuable, found new perspectives, and feel more confident about your next steps in Hong Kong's job market.  Huge thanks to @prepasia_community and @myles.ng for making it happen!  Follow the PrepAsia Co...","Apr 2026","1776000781"
"26","ig-026.jpg","CUHK College Info # 3","CUHK College Info # 3  Another page in our CUHK College Scrapbook... This time, we're exploring:  Shaw College  Wu Yee Sun College  Lee Woo Sing College Each with its own traditions, community, and unforgettable student experience. Swipe through and discover where your next chapter at CUHK might...","Jun 2026","1782020735"
"27","ig-027.jpg","We want YOU on our team!","We want YOU on our team!  ISA is now recruiting POD Leaders for ISA Meet-and-Greet Days 2026!  Once, you were the one stepping into CUHK with questions, nerves, and excitement. Now, it's your turn to be that familiar face who helps freshmen feel welcomed, guided, and at home.  This is your chance...","May 2026","1779107494"
"28","ig-028.jpg","Please Welcome ISA's 17th Cabinet!","Please Welcome ISA's 17th Cabinet!  With new crew, new vibes, same unstoppable ISA spirit, we are ready to make waves  Buckle up, because this ride is just getting started!","Apr 2026","1776343281"
"29","ig-029.jpg","Ctrl + alt + success! Our IT managers are ready to ensure everythin...","Ctrl + alt + success! Our IT managers are ready to ensure everything runs smooth - no lags allowed Wee : Hello everyone! I'm Wee and I'm the IT manager in ISA. I'm from thailand and I'm half chinese. 你好. I'm in mechanical and automation engineering. Please Feel free to approach me :) Hieu : Yo gu...","May 2026","1778909400"
"30","ig-030.jpg","ISA CUHK","ISA CUHK","Jun 2026","1782325084"
"31","ig-031.jpg","Curious about anything university-related? Don't hesitate to reach...","Curious about anything university-related? Don't hesitate to reach out with your questions! We're here to help you every step of the way!  Swipe left to scan the QR code or click the link in our bio for more info! Let's make your CUHK journey unforgettable!  Application Link: https://forms.gle/rQ...","Jul 2025","1752285127"
"32","ig-032.jpg","CUHK College Info # 3","CUHK College Info # 3   Another page in our CUHK College Scrapbook... This time, we're exploring:  Shaw College  Wu Yee Sun College  Lee Woo Sing College Each with its own traditions, community, and unforgettable student experience. Swipe through and discover where your next chapter at CUHK might...","Jun 2026","1782020205"
"33","ig-033.jpg","""Got a hennesy in my hand one more time 'fore I go.""","""Got a hennesy in my hand one more time 'fore I go."" A 2016 throwback night full of iconic 2010s hits, neon colors, and dancefloor memories you forgot you had  Come dressed white to sweat, paint, scream lyrics, and relive your lush life. Time's running closer. Get in before it's too late Time: Ja...","Jan 2026","1769289747"
"34","ig-034.jpg","Here's why YOU should become a POD Leader for ISA Meet & Greet 2026","Here's why YOU should become a POD Leader for ISA Meet & Greet 2026  Free merch. Free food. New friendships. Core memories.  What more could you ask for? ‍ Be the person who welcomes freshmen, leads the chaos, and creates an unforgettable orientation experience for your POD  Swipe to see the perk...","May 2026","1779370423"
"35","ig-035.jpg","Thanks for coming to our events and giving us unforgettable memories!","Thanks for coming to our events and giving us unforgettable memories! Here are a few words from our departing 16th Executive Committee of ISA Gut, our President  Elbert, our Secretary  Norbert, our Secretary  Abigail, our Treasurer  that's all, folks!  #cuhk #isa #cuhkisa #中大 #香港中文大學","Apr 2026","1776334543"
"36","ig-036.jpg","Join the 17th Cabinet of the CUHK International Student Association!","Join the 17th Cabinet of the CUHK International Student Association!  Recruitment Timeline: - January 20:Application Opens  - January 28:Application Closes  - February 5:  - Individual Task Submission (7 PM)   - In-person Briefing (8 PM)  - February 9-14:Group Interviews  - February 27:Group Pres...","Jan 2026","1768921827"
"37","ig-037.jpg","ISA CUHK","ISA CUHK","Jun 2026","1782325084"
"38","ig-038.jpg","CUHK College Info # 3","CUHK College Info # 3  Another page in our CUHK College Scrapbook... This time, we're exploring:  Shaw College  Wu Yee Sun College  Lee Woo Sing College Each with its own traditions, community, and unforgettable student experience. Swipe through and discover where your next chapter at CUHK might...","Jun 2026","1782020735"
"39","ig-039.jpg","WE SEE YOU, FRESHMEN!","WE SEE YOU, FRESHMEN!  A massive thank you to everyone who joined our ISA Meet & Greet! The energy was everything! We loved meeting each and every one of you and can't wait for all the events we have planned this year. Get ready for a year of fun, friendship, and fantastic memories! Welcome to th...","Sep 2025","1757937097"
"40","ig-040.jpg","WE SEE YOU, FRESHMEN!","WE SEE YOU, FRESHMEN!  A massive thank you to everyone who joined our ISA Meet & Greet! The energy was everything! We loved meeting each and every one of you and can't wait for all the events we have planned this year. Get ready for a year of fun, friendship, and fantastic memories! Welcome to th...","Sep 2025","1757937096"
"41","ig-041.jpg","Thank you everyone who came to the 2026 PrepAsia × ISA Bootcamp! We...","Thank you everyone who came to the 2026 PrepAsia × ISA Bootcamp! We hope you learned something valuable, found new perspectives, and feel more confident about your next steps in Hong Kong's job market.  Huge thanks to @prepasia_community and @myles.ng for making it happen!  Follow the PrepAsia Co...","Apr 2026","1776000781"
"42","ig-042.jpg","ISA CUHK","ISA CUHK","Jun 2026","1782325084"
"43","ig-043.jpg","ISA CUHK","ISA CUHK","Jun 2026","1782325084"
"44","ig-044.jpg","ISA CUHK","ISA CUHK","Jun 2026","1782325084"
"45","ig-045.jpg","The mastermind behind our magical events! Our event managers are re...","The mastermind behind our magical events! Our event managers are ready to bring people together and create unforgettable experiences for everyone Well, since our event managers are too ready to work so self intro is a bit too long to put in this caption. So please find it in our comment section!","May 2026","1778907863"
"46","ig-046.jpg","officially beginning this new 17th chapter together","officially beginning this new 17th chapter together  Thank you to everyone who attended and celebrated with us, as well as to all the student societies and friends who sent their support and warm wishes despite not being able to join us in person. We truly appreciate all the encouragement and loo...","May 2026","1778650393"
"47","ig-047.jpg","Remember those first-year nerves?","Remember those first-year nerves?  Now's your chance to give back! Become an iBuddy mentor at CUHK!  We're looking for senior students (Year 2 and above) to help incoming freshmen feel at home on campus.   As a mentor, you'll connect with 1-2 mentees through group chats or fun meet-ups. Share you...","Jul 2025","1752149162"
"48","ig-048.jpg","It was such a wonderful time having you guys on boat! See you next...","It was such a wonderful time having you guys on boat! See you next summer‍  #thechineseuniversityofhongkong #boatparty #isacuhk #中大 #internationalstudent #summer","Oct 2025","1761397384"
"49","ig-049.jpg","Our money guardians Treasurers keep all our funds safe and ready to...","Our money guardians Treasurers keep all our funds safe and ready to turn every cents into profit  Jessica : Hi everyone I'm Jessica, one of the treasurers for this year's cabinet! I'm a second-year Indonesian student majoring in Professional Accountancy (ironically, I'm not a fan of math at all )...","May 2026","1778914800"
"50","ig-050.jpg","ISA CUHK","ISA CUHK","Jun 2026","1782325084"
"51","ig-051.jpg","Boss mode: ON Our president is leading steering the ship with her b...","Boss mode: ON Our president is leading steering the ship with her beauty, vision, and charisma   Hola amigosss, I'm Aashni - no, I'm not Spanish, I just like saying that   I'm your President for ISA's 17th Cabinet and a first-year IBBA student from Kathmandu, Nepal. You'll probably see me somewhe...","May 2026","1778920200"
"52","ig-052.jpg","We want YOU on our team!","We want YOU on our team!  ISA is now recruiting POD Leaders for ISA Meet-and-Greet Days 2026!  Once, you were the one stepping into CUHK with questions, nerves, and excitement. Now, it's your turn to be that familiar face who helps freshmen feel welcomed, guided, and at home.  This is your chance...","May 2026","1779106918"
"53","ig-053.jpg","Here are a few words from Myles Ng, Co-founder of PrepAsia, BlackRo...","Here are a few words from Myles Ng, Co-founder of PrepAsia, BlackRock Associate, and CUHK alumnus from the Philippines  If you've been waiting for a sign to start your career journey, this is it. Join us at The 2026 PrepAsia × ISA Bootcamp and take that first real step toward breaking into Hong K...","Mar 2026","1774063913"
"54","ig-054.jpg","It was such a wonderful time having you guys on boat! See you next...","It was such a wonderful time having you guys on boat! See you next summer‍  #thechineseuniversityofhongkong #boatparty #isacuhk #中大 #internationalstudent #summer","Oct 2025","1761397384"
"55","ig-055.jpg","The moment you've been waiting for!","The moment you've been waiting for!  The results of #LOCKINorLOGIN are now LIVE. Who rose to the top?Slide to see the full breakdown!  #esport #cuhkisa #chineseuniversityofhongkong #clashroyale","Jan 2026","1768818671"
"56","ig-056.jpg","Get ready to show off your skills with your best duo with the CLASH...","Get ready to show off your skills with your best duo with the CLASH 2V2 Tournament!! Rules: - ‍‍ Pick your own teammates - Maximum of 1 evolution per deck allowed - Maximum of 1 Champions will be allowed per deck - ‍ Heros are NOT allowed - All games will be recorded - Onsite finale (Top 4) will...","Dec 2025","1765804197"
"57","ig-057.jpg","ISA CUHK","ISA CUHK","Jun 2026","1782325084"
"58","ig-058.jpg","officially beginning this new 17th chapter together","officially beginning this new 17th chapter together  thank you to everyone who attended and celebrated with us, as well as to all the student societies and friends who sent their support and warm wishes despite not being able to join us in person. we truly appreciate all the encouragement and loo...","May 2026","1778648707"
"59","ig-059.jpg","ISA CUHK","ISA CUHK","Jun 2026","1782325084"
"60","ig-060.jpg","CUHK ISA Wrapped: 2025 Edition!","CUHK ISA Wrapped: 2025 Edition! As we approach the end of the year, let's take a moment to reflect on an unforgettable journey together!  From surviving group projects to conquering exams, we did it all-together!  Cheers to making mind-blowing memories and mastering the art of procrastination. Wi...","Dec 2025","1765459523"
"61","ig-061.jpg","Get Ready, Get Set, MEET & GREET!","Get Ready, Get Set, MEET & GREET!  The moment you've been waiting for is FINALLY here! Mark your calendars, set your alarms, and get ready for the most exciting start to your CUHK journey with the ISA! We've planned an amazing few days just for YOU.  30-31 August 2025  Pomeranke Student Centre, C...","Aug 2025","1756391220"
"62","ig-062.jpg","Thanks for coming to our events and giving us unforgettable memories!","Thanks for coming to our events and giving us unforgettable memories! Here are a few words from our departing 16th Executive Committee of ISA Gut, our President  Elbert, our Secretary  Norbert, our Secretary  Abigail, our Treasurer  that's all, folks!  #cuhk #isa #cuhkisa #中大 #香港中文大學","Apr 2026","1776334543"
"63","ig-063.jpg","Remember those first-year nerves?","Remember those first-year nerves?  Now's your chance to give back! Become an iBuddy mentor at CUHK!  We're looking for senior students (Year 2 and above) to help incoming freshmen feel at home on campus.   As a mentor, you'll connect with 1-2 mentees through group chats or fun meet-ups. Share you...","Jul 2025","1752149162"
"64","ig-064.jpg","Our money guardians Treasurers keep all our funds safe and ready to...","Our money guardians Treasurers keep all our funds safe and ready to turn every cents into profit  Jessica : Hi everyone I'm Jessica, one of the treasurers for this year's cabinet! I'm a second-year Indonesian student majoring in Professional Accountancy (ironically, I'm not a fan of math at all )...","May 2026","1778914800"
"65","ig-065.jpg","So, you've seen the schedule... but what is the Meet & Greet really...","So, you've seen the schedule... but what is the Meet & Greet really about?  Let us break it down for you! Think of it as your friendly, fun-filled launchpad into university life!  It's NOT just another orientation. It's where:  You walk in knowing no one and walk out with a brand-new family.   Yo...","Aug 2025","1756391412"
"66","ig-066.jpg","officially beginning this new 17th chapter together","officially beginning this new 17th chapter together  Thank you to everyone who attended and celebrated with us, as well as to all the student societies and friends who sent their support and warm wishes despite not being able to join us in person. We truly appreciate all the encouragement and loo...","May 2026","1778650393"
"67","ig-067.jpg","officially beginning this new 17th chapter together","officially beginning this new 17th chapter together  thank you to everyone who attended and celebrated with us, as well as to all the student societies and friends who sent their support and warm wishes despite not being able to join us in person. we truly appreciate all the encouragement and loo...","May 2026","1778648707"
"68","ig-068.jpg","CUHK ISA Wrapped: 2025 Edition!","CUHK ISA Wrapped: 2025 Edition! As we approach the end of the year, let's take a moment to reflect on an unforgettable journey together!  From surviving group projects to conquering exams, we did it all-together!  Cheers to making mind-blowing memories and mastering the art of procrastination. Wi...","Dec 2025","1765459523"
"69","ig-069.jpg","New to CUHK and feeling overwhelmed?","New to CUHK and feeling overwhelmed?  We've got you covered! Join the iBuddy mentorship program and get matched with 1-2 awesome senior mentors.  They're here to help you navigate campus life, discover the tastiest treats in Hong Kong, and make new friends!   As an iBuddy mentee, you'll receive t...","Jul 2025","1752284868"
"70","ig-070.jpg","LAST CALL: POD LEADER REGISTRATION","LAST CALL: POD LEADER REGISTRATION  It's 2 DAYS BEFORE registration is officially closed - and you haven't applied yet?  Better hurry, because the spots are already filled with amazing people you'll want to know and work with!  Don't miss you chance! APPLY HERE + Link in bio https://docs.google.c...","May 2026","1779876672"
"71","ig-071.jpg","ISA CUHK","ISA CUHK","Jun 2026","1782325084"
"72","ig-072.jpg","ISA 2025 Dai Pai Dong WRAPPED UP!","ISA 2025 Dai Pai Dong WRAPPED UP!  The energy was on another level as hundreds of international students came together for a night of pure joy, laughter, and unforgettable memories.  See you guys next year! Cheers #ISA2025 #DaipaiDong #InternationalStudents #UniversityLife #FoodComa #GlobalVibes...","Oct 2025","1759896746"
"73","ig-073.jpg","Curious about anything university-related? Don't hesitate to reach...","Curious about anything university-related? Don't hesitate to reach out with your questions! We're here to help you every step of the way!  Swipe left to scan the QR code or click the link in our bio for more info! Let's make your CUHK journey unforgettable!  Application Link: https://forms.gle/rQ...","Jul 2025","1752285127"
"74","ig-074.jpg","New to CUHK and feeling overwhelmed?","New to CUHK and feeling overwhelmed?  We've got you covered! Join the iBuddy mentorship program and get matched with 1-2 awesome senior mentors.  They're here to help you navigate campus life, discover the tastiest treats in Hong Kong, and make new friends!   As an iBuddy mentee, you'll receive t...","Jul 2025","1752284868"
"75","ig-075.jpg","CUHK ISA Wrapped: 2025 Edition!","CUHK ISA Wrapped: 2025 Edition! As we approach the end of the year, let's take a moment to reflect on an unforgettable journey together!  From surviving group projects to conquering exams, we did it all-together!  Cheers to making mind-blowing memories and mastering the art of procrastination. Wi...","Dec 2025","1765459523"
"76","ig-076.jpg","ISA CUHK","ISA CUHK","Jun 2026","1782325084"
"77","ig-077.jpg","WE SEE YOU, FRESHMEN!","WE SEE YOU, FRESHMEN!  A massive thank you to everyone who joined our ISA Meet & Greet! The energy was everything! We loved meeting each and every one of you and can't wait for all the events we have planned this year. Get ready for a year of fun, friendship, and fantastic memories! Welcome to th...","Sep 2025","1757937096"
"78","ig-078.jpg","Biggest thank you to Mr. Erwin Chan, our Guest speaker in our colla...","Biggest thank you to Mr. Erwin Chan, our Guest speaker in our collaboration event with Jockey club shining together with cross-cultural youth project (@jcst.hkust) Division of public policy, HKUST. Hope his sharing can gave many insights for your job search and interview‍  Good luck! Add oil! #ch...","Dec 2025","1764767065"
"79","ig-079.jpg","WE SEE YOU, FRESHMEN!","WE SEE YOU, FRESHMEN!  A massive thank you to everyone who joined our ISA Meet & Greet! The energy was everything! We loved meeting each and every one of you and can't wait for all the events we have planned this year. Get ready for a year of fun, friendship, and fantastic memories! Welcome to th...","Sep 2025","1757937096"
"80","ig-080.jpg","ISA 2025 Dai Pai Dong WRAPPED UP!","ISA 2025 Dai Pai Dong WRAPPED UP!  The energy was on another level as hundreds of international students came together for a night of pure joy, laughter, and unforgettable memories.  See you guys next year! Cheers #ISA2025 #DaipaiDong #InternationalStudents #UniversityLife #FoodComa #GlobalVibes...","Oct 2025","1759896746"
"81","ig-081.jpg","CUHK ISA Wrapped: 2025 Edition!","CUHK ISA Wrapped: 2025 Edition! As we approach the end of the year, let's take a moment to reflect on an unforgettable journey together!  From surviving group projects to conquering exams, we did it all-together!  Cheers to making mind-blowing memories and mastering the art of procrastination. Wi...","Dec 2025","1765459523"
"82","ig-082.jpg","ISA CUHK","ISA CUHK","Jun 2026","1782325084"
"83","ig-083.jpg","Cheers to our PR Manager! If ISA's contents are trending, you know...","Cheers to our PR Manager! If ISA's contents are trending, you know who's behind it  Kimberly : Hi everyone! I'm Kimberly, one of your PR Managers. I'm from Indonesia and currently a first year IBBA student. I absolutely love watching movies, but with sweet popcorn only! Since I spend A LOT of tim...","May 2026","1778913000"
"84","ig-084.jpg","officially beginning this new 17th chapter together","officially beginning this new 17th chapter together  thank you to everyone who attended and celebrated with us, as well as to all the student societies and friends who sent their support and warm wishes despite not being able to join us in person. we truly appreciate all the encouragement and loo...","May 2026","1778648707"
"85","ig-085.jpg","CUHK ISA Wrapped: 2025 Edition!","CUHK ISA Wrapped: 2025 Edition! As we approach the end of the year, let's take a moment to reflect on an unforgettable journey together!  From surviving group projects to conquering exams, we did it all-together!  Cheers to making mind-blowing memories and mastering the art of procrastination. Wi...","Dec 2025","1765459523"
"86","ig-086.jpg","ISA CUHK","ISA CUHK","Jun 2026","1782325084"
"87","ig-087.jpg","ISA CUHK","ISA CUHK","Jun 2026","1782325084"
"88","ig-088.jpg","SPEED is the name of the game!","SPEED is the name of the game! The friendship version of 'fast food'-quick, fun, and surprisingly filling let's speedrun this friendship thing with 3 rounds. 20 minutes. Infinite chaos! Sign up now! : https://forms.gle/tMNBMoCR6ZxNw83KA Meet Seniors from @shhoisa @ccia.cuhk @mcsu2526  #cuhk #isa...","Aug 2025","1754994488"
"89","ig-089.jpg","Please Welcome ISA's 17th Cabinet!","Please Welcome ISA's 17th Cabinet!  With new crew, new vibes, same unstoppable ISA spirit, we are ready to make waves  Buckle up, because this ride is just getting started!","Apr 2026","1776343291"
"90","ig-090.jpg","ISA CUHK","ISA CUHK","Jun 2026","1782325084"
"91","ig-091.jpg","ISA CUHK","ISA CUHK","Jun 2026","1782325084"
"92","ig-092.jpg","CUHK College Info # 1 Original Colleges","CUHK College Info # 1 Original Colleges  Traditions  Sunsets  Activities Three colleges, three different experiences. Which one sounds most like you?  Swipe to discover Chung Chi, New Asia, and United College at CUHK!  We have tagged their official Instagram and their international student commun...","Jun 2026","1781502870"
"93","ig-093.jpg","So, you've seen the schedule... but what is the Meet & Greet really...","So, you've seen the schedule... but what is the Meet & Greet really about?  Let us break it down for you! Think of it as your friendly, fun-filled launchpad into university life!  It's NOT just another orientation. It's where:  You walk in knowing no one and walk out with a brand-new family.   Yo...","Aug 2025","1756391412"
"94","ig-094.jpg","officially beginning this new 17th chapter together","officially beginning this new 17th chapter together  thank you to everyone who attended and celebrated with us, as well as to all the student societies and friends who sent their support and warm wishes despite not being able to join us in person. we truly appreciate all the encouragement and loo...","May 2026","1778648707"
"95","ig-095.jpg","CUHK ISA Wrapped: 2025 Edition!","CUHK ISA Wrapped: 2025 Edition! As we approach the end of the year, let's take a moment to reflect on an unforgettable journey together!  From surviving group projects to conquering exams, we did it all-together!  Cheers to making mind-blowing memories and mastering the art of procrastination. Wi...","Dec 2025","1765459523"
"96","ig-096.jpg","Meet our amazing Secretary!","Meet our amazing Secretary! The organizational backbone of our team, keeping schedules aligned, communication flowing, and every detail in check.  Bianca : Hellooo everyone! I'm Bianca, one of the secretaries too this year . I am a first year COMMN student from Indonesia. I LOVE love watching , a...","May 2026","1778916600"
"97","ig-097.jpg","officially beginning this new 17th chapter together","officially beginning this new 17th chapter together  thank you to everyone who attended and celebrated with us, as well as to all the student societies and friends who sent their support and warm wishes despite not being able to join us in person. we truly appreciate all the encouragement and loo...","May 2026","1778648707"
"98","ig-098.jpg","CUHK ISA Wrapped: 2025 Edition!","CUHK ISA Wrapped: 2025 Edition! As we approach the end of the year, let's take a moment to reflect on an unforgettable journey together!  From surviving group projects to conquering exams, we did it all-together!  Cheers to making mind-blowing memories and mastering the art of procrastination. Wi...","Dec 2025","1765459523"
"99","ig-099.jpg","Thank you everyone who came to the 2026 PrepAsia × ISA Bootcamp! We...","Thank you everyone who came to the 2026 PrepAsia × ISA Bootcamp! We hope you learned something valuable, found new perspectives, and feel more confident about your next steps in Hong Kong's job market.  Huge thanks to @prepasia_community and @myles.ng for making it happen!  Follow the PrepAsia Co...","Apr 2026","1776000781"
"100","ig-100.jpg","CUHK ISA Wrapped: 2025 Edition!","CUHK ISA Wrapped: 2025 Edition! As we approach the end of the year, let's take a moment to reflect on an unforgettable journey together!  From surviving group projects to conquering exams, we did it all-together!  Cheers to making mind-blowing memories and mastering the art of procrastination. Wi...","Dec 2025","1765459523"
"101","ig-101.jpg","Get ready to show off your skills with your best duo with the CLASH...","Get ready to show off your skills with your best duo with the CLASH 2V2 Tournament!! Rules: - ‍‍ Pick your own teammates - Maximum of 1 evolution per deck allowed - Maximum of 1 Champions will be allowed per deck - ‍ Heros are NOT allowed - All games will be recorded - Onsite finale (Top 4) will...","Dec 2025","1765804197"
"102","ig-102.jpg","Boss mode: ON Our president is leading steering the ship with her b...","Boss mode: ON Our president is leading steering the ship with her beauty, vision, and charisma   Hola amigosss, I'm Aashni - no, I'm not Spanish, I just like saying that   I'm your President for ISA's 17th Cabinet and a first-year IBBA student from Kathmandu, Nepal. You'll probably see me somewhe...","May 2026","1778920200"
"103","ig-103.jpg","Get ready to show off your skills with your best duo with the CLASH...","Get ready to show off your skills with your best duo with the CLASH 2V2 Tournament!! Rules: - ‍‍ Pick your own teammates - Maximum of 1 evolution per deck allowed - Maximum of 1 Champions will be allowed per deck - ‍ Heros are NOT allowed - All games will be recorded - Onsite finale (Top 4) will...","Dec 2025","1765804197"
"104","ig-104.jpg","Join the 17th Cabinet of the CUHK International Student Association!","Join the 17th Cabinet of the CUHK International Student Association!  Recruitment Timeline: - January 20:Application Opens  - January 28:Application Closes  - February 5:  - Individual Task Submission (7 PM)   - In-person Briefing (8 PM)  - February 9-14:Group Interviews  - February 27:Group Pres...","Jan 2026","1768921827"
"105","ig-105.jpg","Please Welcome ISA's 17th Cabinet!","Please Welcome ISA's 17th Cabinet!  With new crew, new vibes, same unstoppable ISA spirit, we are ready to make waves  Buckle up, because this ride is just getting started!","Apr 2026","1776343281"
"106","ig-106.jpg","The mastermind behind our magical events! Our event managers are re...","The mastermind behind our magical events! Our event managers are ready to bring people together and create unforgettable experiences for everyone Well, since our event managers are too ready to work so self intro is a bit too long to put in this caption. So please find it in our comment section!","May 2026","1778907863"
"107","ig-107.jpg","The moment you've been waiting for!","The moment you've been waiting for!  The results of #LOCKINorLOGIN are now LIVE. Who rose to the top?Slide to see the full breakdown!  #esport #cuhkisa #chineseuniversityofhongkong #clashroyale","Jan 2026","1768818671"
"108","ig-108.jpg","Thank you everyone who came to the 2026 PrepAsia × ISA Bootcamp! We...","Thank you everyone who came to the 2026 PrepAsia × ISA Bootcamp! We hope you learned something valuable, found new perspectives, and feel more confident about your next steps in Hong Kong's job market.  Huge thanks to @prepasia_community and @myles.ng for making it happen!  Follow the PrepAsia Co...","Apr 2026","1776000781"
"109","ig-109.jpg","officially beginning this new 17th chapter together","officially beginning this new 17th chapter together  thank you to everyone who attended and celebrated with us, as well as to all the student societies and friends who sent their support and warm wishes despite not being able to join us in person. we truly appreciate all the encouragement and loo...","May 2026","1778648707"
"110","ig-110.jpg","Thanks for coming! We had so much fun!","Thanks for coming! We had so much fun! #chalkparty #thechineseuniversityofhongkong #cuhkisa","Feb 2026","1770983121"
"111","ig-111.jpg","The moment you've been waiting for!","The moment you've been waiting for!  The results of #LOCKINorLOGIN are now LIVE. Who rose to the top?Slide to see the full breakdown!  #esport #cuhkisa #chineseuniversityofhongkong #clashroyale","Jan 2026","1768818671"
"112","ig-112.jpg","Meet our brilliant Design Team!","Meet our brilliant Design Team! The creative minds behind every pixel, layout, and concept that brings our vision to life. Their passion and eye for detail make every feeds look extraordinary.  Austin : Hi everyone, I'm Austin, one of the designers for this year's cabinet . I'm a Thai sophomore s...","May 2026","1778912006"
"113","ig-113.jpg","ISA CUHK","ISA CUHK","Jun 2026","1782325084"
"114","ig-114.jpg","Meet our amazing Secretary!","Meet our amazing Secretary! The organizational backbone of our team, keeping schedules aligned, communication flowing, and every detail in check.  Bianca : Hellooo everyone! I'm Bianca, one of the secretaries too this year . I am a first year COMMN student from Indonesia. I LOVE love watching , a...","May 2026","1778916600"
"115","ig-115.jpg","Meet our brilliant Design Team!","Meet our brilliant Design Team! The creative minds behind every pixel, layout, and concept that brings our vision to life. Their passion and eye for detail make every feed look extraordinary.  Austin : Hi everyone, I'm Austin, one of the designers for this year's cabinet . I'm a Thai sophomore st...","May 2026","1778911200"
"116","ig-116.jpg","LAST CALL: POD LEADER REGISTRATION","LAST CALL: POD LEADER REGISTRATION  It's 2 DAYS BEFORE registration is officially closed - and you haven't applied yet?  Better hurry, because the spots are already filled with amazing people you'll want to know and work with!  Don't miss you chance! APPLY HERE + Link in bio https://docs.google.c...","May 2026","1779876672"
"117","ig-117.jpg","Second in command but first in energy Our VP is ready to step in wh...","Second in command but first in energy Our VP is ready to step in whenever needed Hiiii I'm Miu, the next VP of ISA! ֊ ̫ ֊  I am a freshman in broad-based Social Science from S.H.Ho College, and will be majoring in Sociology from next year onwards (Karl Marx major). Aligns with my major, I love th...","May 2026","1778918400"
"118","ig-118.jpg","The moment you've been waiting for!","The moment you've been waiting for!  The results of #LOCKINorLOGIN are now LIVE. Who rose to the top?Slide to see the full breakdown!  #esport #cuhkisa #chineseuniversityofhongkong #clashroyale","Jan 2026","1768818671"
"119","ig-119.jpg","ISA CUHK","ISA CUHK","Jun 2026","1782325084"
"120","ig-120.jpg","Thanks for coming! We had so much fun!","Thanks for coming! We had so much fun! #chalkparty #thechineseuniversityofhongkong #cuhkisa","Feb 2026","1770983121"
"121","ig-121.jpg","officially beginning this new 17th chapter together","officially beginning this new 17th chapter together  Thank you to everyone who attended and celebrated with us, as well as to all the student societies and friends who sent their support and warm wishes despite not being able to join us in person. We truly appreciate all the encouragement and loo...","May 2026","1778650393"
"122","ig-122.jpg","ISA CUHK","ISA CUHK","Jun 2026","1782325084"
"123","ig-123.jpg","ISA CUHK","ISA CUHK","Jun 2026","1782325084"
"124","ig-124.jpg","ISA CUHK","ISA CUHK","Jun 2026","1782325084"
"125","ig-125.jpg","Meet our amazing Secretary!","Meet our amazing Secretary! The organizational backbone of our team, keeping schedules aligned, communication flowing, and every detail in check.  Bianca : Hellooo everyone! I'm Bianca, one of the secretaries too this year . I am a first year COMMN student from Indonesia. I LOVE love watching , a...","May 2026","1778916600"
"126","ig-126.jpg","CUHK College info # 2 : Small Colleges","CUHK College info # 2 : Small Colleges  One thing these colleges have in common? Dinner is a social event. Meet the three residential colleges of CUHK:  Morningside - The Oxbridge Experience  S.H. Ho - The Residential Family  C.W. Chu - The Changemakers Swipe to see which community feels most lik...","Jun 2026","1781769651"
"127","ig-127.jpg","CUHK College Info # 1 Original Colleges","CUHK College Info # 1 Original Colleges  Traditions  Sunsets  Activities Three colleges, three different experiences. Which one sounds most like you?  Swipe to discover Chung Chi, New Asia, and United College at CUHK!  We have tagged their official Instagram and their international student commun...","Jun 2026","1781502870"
"128","ig-128.jpg","The mastermind behind our magical events! Our event managers are re...","The mastermind behind our magical events! Our event managers are ready to bring people together and create unforgettable experiences for everyone Well, since our event managers are too ready to work so self intro is a bit too long to put in this caption. So please find it in our comment section!","May 2026","1778907863"
"129","ig-129.jpg","Ctrl + alt + success! Our IT managers are ready to ensure everythin...","Ctrl + alt + success! Our IT managers are ready to ensure everything runs smooth - no lags allowed Wee : Hello everyone! I'm Wee and I'm the IT manager in ISA. I'm from thailand and I'm half chinese. 你好. I'm in mechanical and automation engineering. Please Feel free to approach me :) Hieu : Yo gu...","May 2026","1778909400"
"130","ig-130.jpg","LAST CALL: POD LEADER REGISTRATION","LAST CALL: POD LEADER REGISTRATION  It's 2 DAYS BEFORE registration is officially closed - and you haven't applied yet?  Better hurry, because the spots are already filled with amazing people you'll want to know and work with!  Don't miss you chance! APPLY HERE + Link in bio https://docs.google.c...","May 2026","1779876672"
"131","ig-131.jpg","Remember those first-year nerves?","Remember those first-year nerves?  Now's your chance to give back! Become an iBuddy mentor at CUHK!  We're looking for senior students (Year 2 and above) to help incoming freshmen feel at home on campus.   As a mentor, you'll connect with 1-2 mentees through group chats or fun meet-ups. Share you...","Jul 2025","1752149162"
"132","ig-132.jpg","The wait is over - ISA's 17th Cabinet is here!","The wait is over - ISA's 17th Cabinet is here!  With new crew, new vibes, same unstoppable ISA spirit, we are ready to make waves  Buckle up, because this ride is just getting started!","May 2026","1778922000"
"133","ig-133.jpg","WE SEE YOU, FRESHMEN!","WE SEE YOU, FRESHMEN!  A massive thank you to everyone who joined our ISA Meet & Greet! The energy was everything! We loved meeting each and every one of you and can't wait for all the events we have planned this year. Get ready for a year of fun, friendship, and fantastic memories! Welcome to th...","Sep 2025","1757937096"
"134","ig-134.jpg","LAST CALL: POD LEADER REGISTRATION","LAST CALL: POD LEADER REGISTRATION  It's 2 DAYS BEFORE registration is officially closed - and you haven't applied yet?  Better hurry, because the spots are already filled with amazing people you'll want to know and work with!  Don't miss you chance! APPLY HERE + Link in bio https://docs.google.c...","May 2026","1779876672"
"135","ig-135.jpg","CUHK College Info # 1 Original Colleges","CUHK College Info # 1 Original Colleges  Traditions  Sunsets  Activities Three colleges, three different experiences. Which one sounds most like you?  Swipe to discover Chung Chi, New Asia, and United College at CUHK!  We have tagged their official Instagram and their international student commun...","Jun 2026","1781502870"
"136","ig-136.jpg","Get ready to show off your skills with your best duo with the CLASH...","Get ready to show off your skills with your best duo with the CLASH 2V2 Tournament!! Rules: - ‍‍ Pick your own teammates - Maximum of 1 evolution per deck allowed - Maximum of 1 Champions will be allowed per deck - ‍ Heros are NOT allowed - All games will be recorded - Onsite finale (Top 4) will...","Dec 2025","1765804197"
"137","ig-137.jpg","Thanks for coming! We had so much fun!","Thanks for coming! We had so much fun! #chalkparty #thechineseuniversityofhongkong #cuhkisa","Feb 2026","1770983121"
"138","ig-138.jpg","CUHK College info # 2 : Small Colleges","CUHK College info # 2 : Small Colleges  One thing these colleges have in common? Dinner is a social event. Meet the three residential colleges of CUHK:  Morningside - The Oxbridge Experience  S.H. Ho - The Residential Family  C.W. Chu - The Changemakers Swipe to see which community feels most lik...","Jun 2026","1781769651"
"139","ig-139.jpg","Join the 17th Cabinet of the CUHK International Student Association!","Join the 17th Cabinet of the CUHK International Student Association!  Are you ready to make a difference? Here's how you can be part of our vibrant team:  As an ExCo Member, You Will: - Host Exciting Events throughout the year - Be the Voice of student concerns  - Collaborate with various univers...","Jan 2026","1768921922"
"140","ig-140.jpg","CUHK College info # 2 : Small Colleges","CUHK College info # 2 : Small Colleges  One thing these colleges have in common? Dinner is a social event. Meet the three residential colleges of CUHK:  Morningside - The Oxbridge Experience  S.H. Ho - The Residential Family  C.W. Chu - The Changemakers Swipe to see which community feels most lik...","Jun 2026","1781769651"
"141","ig-141.jpg","Here's why YOU should become a POD Leader for ISA Meet & Greet 2026","Here's why YOU should become a POD Leader for ISA Meet & Greet 2026  Free merch. Free food. New friendships. Core memories.  What more could you ask for? ‍ Be the person who welcomes freshmen, leads the chaos, and creates an unforgettable orientation experience for your POD  Swipe to see the perk...","May 2026","1779370423"
"142","ig-142.jpg","CUHK ISA Wrapped: 2025 Edition!","CUHK ISA Wrapped: 2025 Edition! As we approach the end of the year, let's take a moment to reflect on an unforgettable journey together!  From surviving group projects to conquering exams, we did it all-together!  Cheers to making mind-blowing memories and mastering the art of procrastination. Wi...","Dec 2025","1765459523"
"143","ig-143.jpg","Here's why YOU should become a POD Leader for ISA Meet & Greet 2026","Here's why YOU should become a POD Leader for ISA Meet & Greet 2026  Free merch. Free food. New friendships. Core memories.  What more could you ask for? ‍ Be the person who welcomes freshmen, leads the chaos, and creates an unforgettable orientation experience for your POD  Swipe to see the perk...","May 2026","1779370423"
"144","ig-144.jpg","officially beginning this new 17th chapter together","officially beginning this new 17th chapter together  Thank you to everyone who attended and celebrated with us, as well as to all the student societies and friends who sent their support and warm wishes despite not being able to join us in person. We truly appreciate all the encouragement and loo...","May 2026","1778650393"
"145","ig-145.jpg","We want YOU on our team!","We want YOU on our team!  ISA is now recruiting POD Leaders for ISA Meet-and-Greet Days 2026!  Once, you were the one stepping into CUHK with questions, nerves, and excitement. Now, it's your turn to be that familiar face who helps freshmen feel welcomed, guided, and at home.  This is your chance...","May 2026","1779107494"
"146","ig-146.jpg","CUHK ISA Wrapped: 2025 Edition!","CUHK ISA Wrapped: 2025 Edition! As we approach the end of the year, let's take a moment to reflect on an unforgettable journey together!  From surviving group projects to conquering exams, we did it all-together!  Cheers to making mind-blowing memories and mastering the art of procrastination. Wi...","Dec 2025","1765459523"
"147","ig-147.jpg","Remember those first-year nerves?","Remember those first-year nerves?  Now's your chance to give back! Become an iBuddy mentor at CUHK!  We're looking for senior students (Year 2 and above) to help incoming freshmen feel at home on campus.   As a mentor, you'll connect with 1-2 mentees through group chats or fun meet-ups. Share you...","Jul 2025","1752141887"
"148","ig-148.jpg","Remember those first-year nerves?","Remember those first-year nerves?  Now's your chance to give back! Become an iBuddy mentor at CUHK!  We're looking for senior students (Year 2 and above) to help incoming freshmen feel at home on campus.   As a mentor, you'll connect with 1-2 mentees through group chats or fun meet-ups. Share you...","Jul 2025","1752141887"
"149","ig-149.jpg","Get ready for an extraordinary culinary experience at Dai Pai Dong,...","Get ready for an extraordinary culinary experience at Dai Pai Dong, proudly presented by ISA!  Join us on September 25th,starting at 7 PM, for an evening bursting with delicious dishes, a vibrant atmosphere, and unforgettable moments.    It's FREE for ISA Members and just HKD120for non-members....","Sep 2025","1758014020"
"150","ig-150.jpg","We're excited to welcome you to The 2026 PrepAsia × ISA Bootcamp -...","We're excited to welcome you to The 2026 PrepAsia × ISA Bootcamp - a free, 2-day immersive experience built for CUHK international and minority students ready to break into Hong Kong's competitive job market.  Join us for interactive workshops, real talk from experienced CUHK alumni, and curated...","Mar 2026","1774025622"
"151","ig-151.jpg","Remember those first-year nerves?","Remember those first-year nerves?  Now's your chance to give back! Become an iBuddy mentor at CUHK!  We're looking for senior students (Year 2 and above) to help incoming freshmen feel at home on campus.   As a mentor, you'll connect with 1-2 mentees through group chats or fun meet-ups. Share you...","Jul 2025","1752146664"
"152","ig-152.jpg","""Got a hennesy in my hand one more time 'fore I go.""","""Got a hennesy in my hand one more time 'fore I go."" A 2016 throwback night full of iconic 2010s hits, neon colors, and dancefloor memories you forgot you had  Come dressed white to sweat, paint, scream lyrics, and relive your lush life. Time's running closer. Get in before it's too late Time: Ja...","Jan 2026","1769279931"
"153","ig-153.jpg","Get ready for the exciting CLASH 2V2 with @isa.cuhk-coming soon!","Get ready for the exciting CLASH 2V2 with @isa.cuhk-coming soon!  Rules: - ‍‍ Pick your own teammates - Maximum of 1 evolution per deck allowed - All games will be recorded - Onsite finale (Top 4) will be broadcast with a live audience Tournament Structure: - First Round:  - Expecting 24 teams  -...","Dec 2025","1765796518"
"154","ig-154.jpg","Thank you everyone who came to the 2026 PrepAsia × ISA Bootcamp! We...","Thank you everyone who came to the 2026 PrepAsia × ISA Bootcamp! We hope you learned something valuable, found new perspectives, and feel more confident about your next steps in Hong Kong's job market.  Huge thanks to @prepasia_community and @myles.ng for making it happen!  Follow the PrepAsia Co...","Apr 2026","1775992081"
"155","ig-155.jpg","Find the support system you need!","Find the support system you need!   Join us for the ISA CUHK X HKUST Jockey Club Career Workshop where opportunity meets ambition!  Date:28 November   Time: 6:30 PM - 8 PM  YIA 402 Sign up to receive light snacks and refreshments at the event!  Register here : https://forms.gle/tNBsvqZnGX1dmdmj8...","Nov 2025","1763654766"
"156","ig-156.jpg","Remember those first-year nerves?","Remember those first-year nerves?  Now's your chance to give back! Become an iBuddy mentor at CUHK!  We're looking for senior students (Year 2 and above) to help incoming freshmen feel at home on campus.   As a mentor, you'll connect with 1-2 mentees through group chats or fun meet-ups. Share you...","Jul 2025","1752146664"
"157","ig-157.jpg","WE SEE YOU, FRESHMEN!","WE SEE YOU, FRESHMEN!  A massive thank you to everyone who joined our ISA Meet & Greet today! The energy was everything! We loved meeting each and every one of you and can't wait for all the events we have planned this year. Get ready for a year of fun, friendship, and fantastic memories! Welcome...","Sep 2025","1757918150"
"158","ig-158.jpg","WE SEE YOU, FRESHMEN!","WE SEE YOU, FRESHMEN!  A massive thank you to everyone who joined our ISA Meet & Greet today! The energy was everything! We loved meeting each and every one of you and can't wait for all the events we have planned this year. Get ready for a year of fun, friendship, and fantastic memories! Welcome...","Sep 2025","1757918150"
"159","ig-159.jpg","Get ready for the exciting CLASH 2V2 with @isa.cuhk-coming soon!","Get ready for the exciting CLASH 2V2 with @isa.cuhk-coming soon!  Rules: - ‍‍ Pick your own teammates - Maximum of 1 evolution per deck allowed - All games will be recorded - Onsite finale (Top 4) will be broadcast with a live audience Tournament Structure: - First Round:  - Expecting 24 teams  -...","Dec 2025","1765796518"
"160","ig-160.jpg","Remember those first-year nerves?","Remember those first-year nerves?  Now's your chance to give back! Become an iBuddy mentor at CUHK!  We're looking for senior students (Year 2 and above) to help incoming freshmen feel at home on campus.   As a mentor, you'll connect with 1-2 mentees through group chats or fun meet-ups. Share you...","Jul 2025","1752146664"
"161","ig-161.jpg","Get ready for the exciting CLASH 2V2 with @isa.cuhk-coming soon!","Get ready for the exciting CLASH 2V2 with @isa.cuhk-coming soon!  Rules: - ‍‍ Pick your own teammates - Maximum of 1 evolution per deck allowed - All games will be recorded - Onsite finale (Top 4) will be broadcast with a live audience Tournament Structure: - First Round:  - Expecting 24 teams  -...","Dec 2025","1765796518"
"162","ig-162.jpg","Remember those first-year nerves?","Remember those first-year nerves?  Now's your chance to give back! Become an iBuddy mentor at CUHK!  We're looking for senior students (Year 2 and above) to help incoming freshmen feel at home on campus.   As a mentor, you'll connect with 1-2 mentees through group chats or fun meet-ups. Share you...","Jul 2025","1752141887"
"163","ig-163.jpg","WE SEE YOU, FRESHMEN!","WE SEE YOU, FRESHMEN!  A massive thank you to everyone who joined our ISA Meet & Greet today! The energy was everything! We loved meeting each and every one of you and can't wait for all the events we have planned this year. Get ready for a year of fun, friendship, and fantastic memories! Welcome...","Sep 2025","1757918150"
"164","ig-164.jpg","Get ready for the exciting CLASH 2V2 with @isa.cuhk-coming soon!","Get ready for the exciting CLASH 2V2 with @isa.cuhk-coming soon!  Rules: - ‍‍ Pick your own teammates - Maximum of 1 evolution per deck allowed - All games will be recorded - Onsite finale (Top 4) will be broadcast with a live audience Tournament Structure: - First Round:  - Expecting 24 teams  -...","Dec 2025","1765796518"
"165","ig-165.jpg","Get ready for the exciting CLASH 2V2 with @isa.cuhk-coming soon!","Get ready for the exciting CLASH 2V2 with @isa.cuhk-coming soon!  Rules: - ‍‍ Pick your own teammates - Maximum of 1 evolution per deck allowed - All games will be recorded - Onsite finale (Top 4) will be broadcast with a live audience Tournament Structure: - First Round:  - Expecting 24 teams  -...","Dec 2025","1765796518"
"166","ig-166.jpg","Find the support system you need!","Find the support system you need!   Join us for the ISA CUHK X HKUST Jockey Club Career Workshop(our first collab !) where opportunity meets ambition!  Date:28 November   Time: 6:30 PM - 8 PM  YIA 402 Sign Up to receive light snacks and refreshments at the event!  Registration link : https://docs...","Nov 2025","1763648097"
"167","ig-167.jpg","Back when life was simpler and the drops were louder.","Back when life was simpler and the drops were louder.  A 2016 throwback night full of iconic 2010s hits, neon colors, and dancefloor memories you forgot you had . Come dressed white to sweat, paint, scream lyrics, and relive your lush life. Time's running closer. Get in before it's too late Time:...","Jan 2026","1769304136"
"168","ig-168.jpg","WE SEE YOU, FRESHMEN!","WE SEE YOU, FRESHMEN!  A massive thank you to everyone who joined our ISA Meet & Greet today! The energy was everything! We loved meeting each and every one of you and can't wait for all the events we have planned this year. Get ready for a year of fun, friendship, and fantastic memories! Welcome...","Sep 2025","1757918150"
